Tax Type,Item,United States,Alabama,Alaska,Arizona,Arkansas,California,Colorado,Connecticut,Delaware,DC,Florida,Georgia,Hawaii,Idaho,Illinois,Indiana,Iowa,Kansas,Kentucky,Louisiana,Maine,Maryland,Massachusetts,Michigan,Minnesota,Mississippi,Missouri,Montana,Nebraska,Nevada,New Hampshire,New Jersey,New Mexico,New York,North Carolina,North Dakota,Ohio,Oklahoma,Oregon,Pennsylvania,Rhode Island,South Carolina,South Dakota,Tennessee,Texas,Utah,Vermont,Virginia,Washington,West Virginia,Wisconsin,Wyoming
Total Taxes,T00,1093452066,11782220,1780911,18163903,10217866,187638267,15869834,19131944,4596190,8679390,45017095,24723046,8207524,4902173,45453840,22968677,10583869,10030158,13049436,11870499,4674441,23605971,31806339,30270130,28175795,8288883,13181385,3168557,5754834,9744547,2934358,38449650,7427622,85368973,29324429,4969744,30739230,10787693,14184891,43132450,3612575,11221043,1940415,16450938,63314370,9918773,3493747,27076451,27992437,5792317,19871532,2110704
Property Taxes,T01,21126574,422322,121501,1091363,1208746,2977083,X,X,X,2789077,X,864858,X,X,60781,13225,1982,752820,648739,76050,41110,836498,8285,2194160,812497,28362,34022,312300,127,335207,408499,5014,86754,X,X,4636,X,X,21310,37234,2774,42450,X,X,X,X,1111956,32599,3358585,6900,103230,273518
Sales and Gross Receipts Taxes,TA1,507951593,5829203,278823,10443788,4920468,59632877,5988535,7787888,602601,2060332,36492076,9509465,5062134,2520264,19534290,12580882,4857865,4523724,6311232,6522329,2327733,9895931,9557950,14347394,11169575,5232943,5549210,663096,2579592,7835623,961594,15838942,3684304,27230515,12802893,1563632,19372664,4655400,1870274,22140157,1877924,5241143,1614664,12353713,53905367,4017858,1165401,9425132,21373727,2790535,8494026,953905
General Sales and Gross Receipts Taxes,T09,337318577,3116142,X,8358260,3573456,41539499,3375058,4589035,X,1597089,28006498,6250310,3808718,1908887,12013541,8087116,3404630,3334645,3984753,3739549,1613210,4888693,6834003,9613796,6205621,3731772,3732101,X,1966358,5500442,X,10846611,2863208,15372529,8376578,1053147,12709323,3071467,X,11747314,1120139,3463666,1144682,9469967,38123052,2832742,412300,5457799,16647080,1368000,5695550,770241
Selective Sales and Gross Receipts Taxes,TA2,170633016,2713061,278823,2085528,1347012,18093378,2613477,3198853,602601,463243,8485578,3259155,1253416,611377,7520749,4493766,1453235,1189079,2326479,2782780,714523,5007238,2723947,4733598,4963954,1501171,1817109,663096,613234,2335181,961594,4992331,821096,11857986,4426315,510485,6663341,1583933,1870274,10392843,757785,1777477,469982,2883746,15782315,1185116,753101,3967333,4726647,1422535,2798476,183664
Alcoholic Beverages Sales Tax,T10,6969385,218083,40778,78122,60210,353296,48172,64146,26610,7042,308922,198770,51913,9957,297250,52107,22248,146811,147700,75773,19974,32165,87121,169073,92848,41165,39726,37820,31425,45965,12836,145203,21000,263453,437538,8950,107849,138884,19205,430811,20727,185461,17571,222101,1372693,14203,28985,244877,389822,17924,62124,1976
Amusements Sales Tax,T11,8485936,0,12621,2920,71900,X,124865,299273,X,X,215765,X,X,X,932478,590755,302652,290,214,698208,57060,1061486,133113,116256,89707,139035,366366,63172,5954,970309,548,266232,65264,2342,29,6245,274021,28555,X,1465201,X,41476,9005,X,32157,X,X,88,4675,35530,169,X
Insurance Premiums Sales Tax,T12,23575076,403868,79833,590604,241403,2722787,314935,169524,113411,121417,1178214,510850,179690,105731,423518,256432,153428,405805,173129,900921,93517,556409,445445,435393,524654,353728,445800,108445,60722,424088,140500,522172,209920,1866069,577572,68568,607111,336441,80618,845210,117152,244412,90906,995376,2599025,155655,57765,554299,640136,129358,216754,26356
Motor Fuels Sales Tax,T13,50776182,605862,45703,885012,496131,7557711,676881,497860,142807,27935,2925122,1837954,87869,376941,1350508,1474857,665799,460037,720218,665311,256634,1140220,775463,1476484,935632,445239,725588,261331,391897,354108,127200,500197,239515,1721723,2099105,199322,1979815,573825,585869,3348366,152239,725758,189831,1167127,3743004,571499,126614,1083719,1697722,443423,1116530,120665
Pari-mutuels Sales Tax,T14,130574,1298,X,184,2155,13435,508,5193,72,X,8616,X,X,971,5748,1662,3788,X,15003,5415,1369,1166,788,2292,1192,X,X,209,137,3,458,X,842,21430,X,1218,4999,1029,1795,9690,1145,X,130,X,6035,X,X,X,1615,2907,0,6077
Public Utilities Sales Tax,T15,12776815,699664,4518,22432,X,712691,X,273076,51858,198173,1747862,X,126691,2371,1443634,223409,56212,392,56395,9444,20433,146303,X,37559,51,1676,X,43018,43379,53818,44805,978414,32792,885520,272,51670,1023372,48069,14289,1255372,103042,29077,3236,7974,648614,56445,9020,531464,589724,124500,360211,3874
Tobacco Products Sales Tax,T16,18804554,174293,59677,309128,218651,1979149,189687,357525,122610,28546,1136716,223363,111803,50300,769476,404978,202021,125661,369501,282908,125978,356684,553261,887071,626533,138722,94865,77234,52862,182492,201332,625382,91489,1070667,292846,27382,919669,420769,250156,1303846,137322,28311,45760,245923,1410391,112090,68434,151287,397049,171224,599794,21736
Other Selective Sales and Gross Receipts Taxes,T19,49114494,609993,35693,197126,256562,4754309,1258429,1532256,145233,80130,964361,488218,695450,65106,2298137,1489566,47087,50083,844319,144800,139558,1712805,728756,1609470,2693337,381606,144764,71867,26858,304398,433915,1954731,160274,6026782,1018953,147130,1746505,36361,918342,1734347,226158,522982,113543,245245,5970396,275224,462283,1401599,1005904,497669,442894,2980
License Taxes,TA3,59159086,551815,159757,580141,403627,11041442,697149,411470,1785406,245447,2341679,720874,280311,419487,2779724,767938,990985,433280,523696,438495,291044,912788,1199646,2030560,1495685,512541,628550,388817,184373,700863,462125,1701016,332445,1807412,2336658,228684,1977268,1004786,1312328,2773590,121006,648504,273497,1909972,3643272,353455,126071,939377,1746818,216342,1118129,208741
Alcoholic Beverages License,T20,695058,3994,1298,8917,4870,66748,8260,9572,2440,8428,5601,4508,X,1716,18250,13319,18589,2759,320,X,6702,1344,3830,19998,2711,1268,5617,3028,742,X,17665,4386,0,49089,27786,412,44287,257,5110,44970,1208,14210,1214,1690,74627,0,477,15096,164790,944,2011,X
Amusements License,T21,763565,X,0,X,933,22212,828,230,303,X,16000,X,X,222,16360,12272,29593,7541,316,X,571,1769,15863,X,1137,18116,28,4607,585,103982,339,51343,6492,X,177,1566,40683,151705,2845,209498,196,6166,5851,331,15543,X,23,110,12713,3913,603,X
Corporations in General License,T22,6797095,161298,X,39710,30138,80949,22167,31621,1560527,45096,398800,66937,1920,3447,355316,10234,52940,27635,117710,195847,10760,117506,27913,28408,9275,155657,3055,5435,6195,79606,71789,372335,34630,1303,842349,X,258528,58067,46382,4037,5057,112008,6268,1030934,154534,483,3664,64783,42722,798,25399,14923
Hunting and Fishing License,T23,1709888,23599,37478,38256,26156,116030,99128,5583,4296,93,16780,35899,723,49447,35195,17990,30075,30185,31142,30012,16737,17389,5525,61179,68643,3309,32934,67757,18687,11356,12562,14027,32824,41418,33039,17002,36050,20232,54404,75622,1907,18429,29206,37611,109168,31841,7183,24729,41887,12547,86015,40602
Motor Vehicle License,T24,28019364,237006,37200,265264,168295,4868905,458234,243358,59061,38645,1474100,387076,195972,205568,1738986,348289,685933,229649,223126,78817,116964,516790,448837,1375049,847267,171469,306003,172071,110180,209538,84485,668735,205151,1416050,893598,120192,542323,741917,787383,1153788,29901,306718,84902,372253,2227727,233944,69334,427129,836075,5203,496067,98837
Motor Vehicle Operators License,T25,2953946,41101,X,36419,22696,338008,41896,38712,6036,6467,225800,116455,303,10892,115614,254667,20887,32141,17142,14340,11557,32515,91503,60922,44352,16626,16587,7018,11432,25693,8169,58231,5154,145007,121878,5283,79258,30826,36748,82461,8887,5547,4762,60035,150995,21727,14860,140870,87780,182223,41216,4248
Public Utilities License,T27,1295461,12078,10719,16,9236,726445,15835,X,777,X,24198,X,15696,59279,18455,X,7375,5206,X,7688,X,X,X,35084,675,6654,19495,6,X,X,21371,20961,1619,28988,19773,3,1626,5,13656,84461,2255,10457,X,4983,21357,X,X,611,20752,469,67197,X
"Occupation and Business License, NEC",T28,15168683,72738,68759,190015,139083,4817776,50743,77540,140916,89595,170015,79969,53574,84987,444895,34442,137217,95497,129033,107246,117400,223626,311132,229573,456956,77829,163197,116554,35540,263821,240924,509049,46575,124530,352886,84226,839590,890,357719,1097983,65712,156520,117943,393486,744305,57456,26160,202471,362762,6889,350808,50131
Other License Taxes,T29,1756026,1,4303,1544,2220,4369,58,4854,11050,57123,10385,30030,12123,3929,36653,76725,8376,2667,4907,4545,10353,1849,295043,220347,64669,61613,81634,12341,1012,6867,4821,1949,0,1027,45172,0,134923,887,8081,20770,5883,18449,23351,8649,145016,8004,4370,63578,177337,3356,48813,0
Income Taxes,TA4,471574731,4879140,332520,5871515,3546406,113872440,8966205,10511616,2031392,2941983,3114711,13448213,2758743,1953737,22584556,9605266,4633614,4264874,5391757,4328623,1961936,11368130,20097631,11292994,14111719,2463296,6956929,1597960,2969418,X,954387,19812595,1792638,52383984,14095305,561797,9320571,3868327,10758070,16479430,1552958,5155320,46295,1899369,X,5501011,1010471,16164873,X,2295606,10064400,X
Individual Income Taxes,T40,411234520,4194844,X,5357251,3012491,100079921,8171546,8445783,1741418,2299327,X,12176943,2568259,1668776,18762174,8852914,4098020,3778453,4629057,3833235,1709069,10067080,17150964,10150323,12400060,1968485,6587919,1412863,2545680,X,122622,15903287,1590271,48087389,13258890,415274,9313265,3565449,9847141,13517069,1376495,4759113,X,201900,X,4978629,860639,14917745,X,2096807,8759680,X
Corporations Net Income Taxes,T41,60340211,684296,332520,514264,533915,13792519,794659,2065833,289974,642656,3114711,1271270,190484,284961,3822382,752352,535594,486421,762700,495388,252867,1301050,2946667,1142671,1711659,494811,369010,185097,423738,X,831765,3909308,202367,4296595,836415,146523,7306,302878,910929,2962361,176463,396207,46295,1697469,X,522382,149832,1247128,X,198799,1304720,X
Other Taxes,TA5,33640082,99740,888310,177096,138619,114425,217945,420970,176791,642551,3068629,179636,106336,8685,494489,1366,99423,55460,174012,505002,52618,592624,942827,405022,586319,51741,12674,206384,21324,872854,147753,1092083,1531481,3947062,89573,2610995,68727,1259180,222909,1702039,57913,133626,5959,287884,5765731,46449,79848,514470,1513307,482934,91747,674540
Death and Gift Taxes,T50,4947763,X,X,X,0,344,X,209674,1937,22311,3,5,18921,X,413174,248,77255,0,42903,X,15851,180434,601306,40,222279,0,8,X,X,X,X,491137,X,1068327,482,X,164,0,204734,1017275,43540,X,X,2235,X,X,12630,216,300324,X,6,0
Documentarty and Stock Transfer Taxes,T51,10624170,47988,X,18946,46610,X,X,211118,173765,561119,3034381,0,87415,X,81315,X,22168,X,3351,X,36767,217994,341521,381130,251851,X,12611,X,17942,108894,147753,600946,X,1277647,87267,X,X,21520,1957,655663,14373,133626,189,265319,X,X,61793,442970,1165883,12990,77388,X
Severance Taxes,T53,14881695,51752,888310,17252,56035,114081,217945,X,X,X,34245,X,X,5633,X,1118,X,55460,127758,505002,X,X,X,23852,60158,51741,4,202463,3382,123584,X,X,1491507,X,1824,2610995,68563,1153138,16218,X,X,X,5770,1024,5765731,45797,X,3357,47100,462451,267,668178
"Taxes, NEC",T99,3186454,0,0,140898,35974,0,0,178,1089,59121,0,179631,0,3052,0,0,0,0,0,0,0,194196,0,0,52031,0,51,3921,0,640376,0,0,39974,1601088,0,0,0,84522,0,29101,0,0,0,19306,0,652,5425,67927,0,7493,14086,6362
