Table 4. State Tax Collections by Category: US and States: 2021,,,,,,,,,,,,,,,,,,,,,,,,,,,,,,,,,,,,,,,,,,,,,,,,,,,,,
(Dollar amounts are in thousands of dollars),,,,,,,,,,,,,,,,,,,,,,,,,,,,,,,,,,,,,,,,,,,,,,,,,,,,,
"Source: U.S. Census Bureau, 2021 Annual Survey of State Government Tax Collections.  Data users who create their own estimates using data from this report should cite the U.S. Census Bureau as the source of the original data only.  The data in this table are based on information from public records and contain no confidential data.  For more information, see (https://www.census.gov/programs-surveys/stc.html).",,,,,,,,,,,,,,,,,,,,,,,,,,,,,,,,,,,,,,,,,,,,,,,,,,,,,
,,,,,,,,,,,,,,,,,,,,,,,,,,,,,,,,,,,,,,,,,,,,,,,,,,,,,
Tax Type,Item,United States,Alabama,Alaska,Arizona,Arkansas,California,Colorado,Connecticut,Delaware,DC,Florida,Georgia,Hawaii,Idaho,Illinois,Indiana,Iowa,Kansas,Kentucky,Louisiana,Maine,Maryland,Massachusetts,Michigan,Minnesota,Mississippi,Missouri,Montana,Nebraska,Nevada,"New
Hampshire","New
Jersey","New
Mexico",New York,"North
Carolina","North
Dakota",Ohio,Oklahoma,Oregon,Pennsylvania,"Rhode
Island","South
Carolina","South
Dakota",Tennessee,Texas,Utah,Vermont,Virginia,Washington,"West
Virginia",Wisconsin,Wyoming
Total Taxes,T00,1275750945,14251329,1053400,20757247,11726678,254818453,19250711,22066648,5395710,8996257,49320041,27850996,8046691,6472467,55531962,26645852,11816502,11615757,14626499,12257234,5452250,25220541,36336125,34431625,31793412,9428105,15091423,3880366,6960988,9056648,3317286,43683029,7487814,91821961,34735106,3908672,34909388,11299244,17741902,49634346,4371625,13392479,2149543,19977968,65466119,12347773,4102929,32328105,32717084,6030929,22300850,1874876
Property Taxes,T01,23357063,468015,120028,1266990,1308040,3151488,X,X,X,2994580,X,732325,X,X,59589,13876,2024,815701,707461,103750,44636,893215,10368,2396416,809160,29885,37418,334759,123,386450,401407,5166,114185,X,X,5207,X,X,25127,40395,3864,78975,X,X,X,X,1203059,43332,4350245,8122,95757,295925
Sales and Gross Receipts Taxes,TA1,552864863,7014522,267842,11249699,5752828,64367044,6994813,8148270,587923,1644534,38522113,10257930,4147624,3180226,23486335,13847723,5522117,4970129,7088138,6853513,2629517,10587203,10427871,15925763,11204458,5732309,5945293,768499,3040622,6955725,1043942,17871986,3848402,26018886,14586128,1426888,22148518,4975670,3514217,24448865,2131988,6226021,1783982,14492861,56646008,4519388,1247617,11719392,24013256,2968554,9184622,927089
License Taxes,TA3,66293682,606351,153176,618052,423851,13626240,731321,387836,2076828,201696,2515112,750136,258953,473872,3818851,819109,1101447,457796,535774,477174,325922,969440,1274252,2178822,1505670,570447,691696,481678,194771,700469,522670,1986338,311527,1818715,2600601,210333,2029060,1085111,1293600,2955413,164295,707027,300687,2333130,3730678,371684,143501,995094,2072634,181634,1340711,212497
Income Taxes,TA4,596112697,6043093,124987,7438706,4085598,172421856,11524577,12866247,2483094,3506270,3407190,15971641,3546116,2809422,27600197,11964087,5060175,5344578,6138893,4520855,2359590,12026945,23356481,13495663,17593996,3065829,8402368,2157888,3701819,X,1136978,22793255,1351634,59641803,17423701,604162,10668765,4368893,12480427,20023246,2015621,6196557,53960,2743837,X,7418368,1399998,18645899,X,2574275,11553157,X
Other Taxes,TA5,37122640,119348,387367,183800,156361,1251825,0,664295,247865,649177,4875626,138964,93998,8947,566990,1057,130739,27553,156233,301942,92585,743738,1267153,434961,680128,29635,14648,137542,23653,1014004,212289,1026284,1862066,4342557,124676,1662082,63045,869570,428531,2166427,55857,183899,10914,408140,5089433,38333,108754,924388,2280949,298344,126603,439365
,,,,,,,,,,,,,,,,,,,,,,,,,,,,,,,,,,,,,,,,,,,,,,,,,,,,,
Footnotes,,,,,,,,,,,,,,,,,,,,,,,,,,,,,,,,,,,,,,,,,,,,,,,,,,,,,
X - Not available.,,,,,,,,,,,,,,,,,,,,,,,,,,,,,,,,,,,,,,,,,,,,,,,,,,,,,
